 了不起的生命密码 (全4册，有关生命科学的深度科普读物),¥66.00,海豚出版社,"(德)帕特里克・博伊尔勒 (德)诺伯特・兰达 著,(阿根廷)古斯塔沃・马扎里 图,张雅婷 译",1.0
 侦探与小偷 （教育部统编《语文》推荐阅读，与语文教材无缝对接，手绘精美插图，金钥匙儿童文学大系）,¥22.10,中译出版社（原中国对外翻译出版公司）,叶永烈 著，张荣梅 策划，小当当童书馆 出品,1.0
 你不可不知的外星人与UFO之谜 世界未解之谜 中小学生科普读物少儿百科三四五六年级课外阅读书 少年探索发现系列,¥15.80,汕头大学出版社,谌鸿燕,1.0
 你不可不知的世界之谜 世界未解之谜 中小学生科普读物少儿百科三四五六年级课外阅读书 少年探索发现系列,¥15.80,汕头大学出版社,中共海淀区委党校,1.0
 你不可不知的自然之谜 世界未解之谜 中小学生科普读物少儿百科三四五六年级课外阅读书 少年探索发现系列,¥15.80,汕头大学出版社,贾宁,0.0
 科学大王：我爱发明（散文式科普读物！“硬核”科普知识与范本式的流畅文字完美融合！）,¥49.80,天地出版社,小书虫读经典工作室,1.0
 科学大王：植物大观（散文式科普读物！“硬核”科普知识与范本式的流畅文字完美融合！）,¥47.30,天地出版社,小书虫读经典工作室,0.0
 世界经典科普读物 森林报套装（春 夏 秋 冬）,¥60.20,上海科学普及出版社,维・比安基,1.0
 科学大王：神奇地球（散文式科普读物！“硬核”科普知识与范本式的流畅文字完美融合！）,¥47.30,天地出版社,小书虫读经典工作室,0.0
 你不可不知的宇宙之谜 世界未解之谜 中小学生科普读物少儿百科三四五六年级课外阅读书 少年探索发现系列,¥15.80,汕头大学出版社,孙建伟、 袁曾 、袁苇鸣,0.8
 100个科学小实验（德国最具影响力的畅销儿童科普读物，新闻出版总局推荐的青少年优秀科普读物，动手动脑、培养科学兴趣的优,¥20.70,四川人民出版社,E.丹勒克尔 著， B.瑞吉尔 绘,0.9
 少年探索发现系列(全5册)宇宙之谜 地球之谜 世界之谜 海洋之谜 科学之谜 中小学生少儿科普书籍青少年读物百科全书7-,¥77.20,汕头大学出版社,龚勋,1.0
 你不可不知的恐龙之谜 世界未解之谜 中小学生科普读物少儿百科三四五六年级课外阅读书 少年探索发现系列,¥15.80,汕头大学出版社,赵爱军,1.0
 自然科学启蒙（1--4辑共24册）（彩绘版，美国优秀儿童科普读物奖获奖绘本，全系列十四辑共83册）,¥352.80,NAN,（美）弗兰克林 . 布兰利 博士 等编绘，余国芳 译,1.0
 时间简史（插图本）（央视《朗读者》推荐）,¥42.80,湖南科技出版社,史蒂芬・霍金,0.9
 科学大王：宇宙印象（散文式科普读物！“硬核”科普知识与范本式的流畅文字完美融合！）,¥49.80,天地出版社,小书虫读经典工作室,1.0
 失落世界探险日记/神奇科学探险之旅/青少年科普读物/写给儿童的小百科故事/张康/郑方圆/编著,¥29.20,浙江科学技术出版社,张康，郑方圆 编著,1.0
 神秘宝藏探险日记/神奇科学探险之旅/青少年科普读物/写给儿童的小百科故事/张康/郑方圆/编著,¥29.20,浙江科学技术出版社,"张康,郑方圆 编著",0.0
 未解迷案探险日记/神奇科学探险之旅/青少年科普读物/写给儿童的小百科故事/张康/郑方圆/编著,¥29.20,浙江科学技术出版社,张康，郑方圆编著,1.0
 生活垃圾分类科普读物,¥17.10,化学工业出版社,张立勇，张永升，杨建肖，王俊生 等编著,0.0
 有趣得让人睡不着的物理（著名科普作家左卷健男带你进入有趣的物理世界！）,¥19.90,北京时代华文书局,(日) 左卷健男著 ; 安可译.,1.0
 科学大王：动物传奇（散文式科普读物！“硬核”科普知识与范本式的流畅文字完美融合！）,¥47.30,天地出版社,小书虫读经典工作室,0.0
 你不可不知的海洋之谜 世界未解之谜 中小学生科普读物少儿百科三四五六年级课外阅读书 少年探索发现系列,¥15.80,汕头大学出版社,江苏省知识产权研究与保护协会,1.0
 你不可不知的人类之谜 世界未解之谜 中小学生科普读物少儿百科三四五六年级课外阅读书 少年探索发现系列,¥15.80,汕头大学出版社,高斌,1.0
 鬼脸物理课（套装4册）・中小学物理科普读物・科学素养系列・小说化教辅・天星教育疯狂阅读,¥134.40,南京师范大学出版社,刘继军,1.0
 你不可不知的兵器之谜 世界未解之谜 中小学生科普读物少儿百科三四五六年级课外阅读书 少年探索发现系列,¥15.80,开明出版社,张奇、陈楠楠,0.6
 你不可不知的科学之谜 世界未解之谜 中小学生科普读物少儿百科三四五六年级课外阅读书 少年探索发现系列,¥15.80,汕头大学出版社,杨玉春,0.8
 自然科学启蒙（5--9辑共30册）（彩绘版，美国优秀儿童科普读物奖获奖绘本，全系列十四辑共83册）,¥441.00,北京联合出版公司,（美）弗兰克林 . 布兰利 博士 等编绘，余国芳 等译,1.0
 DK编程真好玩：6岁开始学Scratch,¥88.00,南海出版公司,[英] 乔恩・伍德科克 著， 爱心树童书 出品,0.9
 科学大王：生命奥妙（散文式科普读物！“硬核”科普知识与范本式的流畅文字完美融合！）,¥49.80,天地出版社,小书虫读经典工作室,0.0
 自然科学启蒙（10--14辑共29册）（彩绘版，美国优秀儿童科普读物奖获奖绘本，全系列十四辑共83册）,¥426.30,北京联合出版公司,（美）弗兰克林 . 布兰利 博士 等编绘，余国芳 译,1.0
 你不可不知的地球之谜 世界未解之谜 中小学生科普读物少儿百科三四五六年级课外阅读书 少年探索发现系列,¥15.80,汕头大学出版社,郝凯、尚会英、刁钢,1.0
 科学大王：探险风云（散文式科普读物！“硬核”科普知识与范本式的流畅文字完美融合！）,¥47.30,天地出版社,小书虫读经典工作室,0.0
 自然科学启蒙第1辑（共6册）（彩绘版，美国优秀儿童科普读物奖，全套十四辑共83册）,¥88.20,NAN,（美）弗兰克林 . 布兰利 博士 等编绘，余国芳 译,0.9
 你不可不知的动物之谜 世界未解之谜 中小学生科普读物少儿百科三四五六年级课外阅读书 少年探索发现系列,¥15.80,汕头大学出版社,卜文智、赵辉,1.0
 你不可不知的宝藏之谜 世界未解之谜 中小学生科普读物少儿百科三四五六年级课外阅读书 少年探索发现系列,¥15.80,汕头大学出版社,马小琪,1.0
 听李毓佩教授讲数学故事数学司令小眼镜科普读物2-3-4-5-6岁童书扫码听书,¥22.50,广州出版社,李毓佩,1.0
 听李毓佩教授讲数学故事数学迷历险记科普读物2-3-4-5-6岁扫码听书,¥22.50,广州出版社,李毓佩,1.0
 听李毓佩教授讲数学故事兵发爱数王国科普读物2-3-4-5-6岁童书扫码听书,¥22.50,广州出版社,李毓佩,1.0
 听李毓佩教授讲数学故事哪吒智斗红孩儿科普读物2-3-4-5-6岁童书扫码听书,¥22.50,广州出版社,李毓佩,1.0
 自然科学启蒙第2辑（共6册）（彩绘版，美国优秀儿童科普读物奖，全套十四辑共83册）,¥88.20,北京联合出版公司,（美）弗兰克林 . 布兰利 博士 等编绘，余国芳 译,1.0
 自然科学启蒙第4辑（共6册）（彩绘版，美国优秀儿童科普读物奖，全套十四辑共83册）,¥88.20,北京联合出版公司,（美）弗兰克林 . 布兰利 博士 等编绘，余国芳 译,1.0
 十万个为什么（青少版）（全4册）――影响孩子一生的经典科普读物,¥102.40,北京教育出版社,主编/张丽丽,1.0
 自然科学启蒙第3辑（共6册）（彩绘版，美国优秀儿童科普读物奖，全套十四辑共83册）,¥88.20,北京联合出版公司,（美）弗兰克林 . 布兰利 博士 等编绘，余国芳 译,1.0
 自然科学启蒙第7辑（共6册）（彩绘版，美国优秀儿童科普读物奖，全套十四辑共83册）,¥88.20,北京联合出版公司,（美）弗兰克林 . 布兰利 博士 等编绘 ，范晓星 等 译,1.0
 奶牛--生产性能测定科普读物,¥10.60,中国农业出版社,陈伟生，魏克佳 著,1.0
 恐龙世界探险日记/神奇科学探险之旅/青少年科普读物/写给儿童的小百科故事/张康/郑方圆/编著,¥29.20,浙江科学技术出版社,张康，郑方圆编著,0.0
 自然科学启蒙第6辑（共6册）（彩绘版，美国优秀儿童科普读物奖，全套十四辑共83册）,¥88.20,北京联合出版公司,保罗・肖沃斯 等著，陈蕙慧 等译,1.0
 自然科学启蒙第5辑（共6册）（彩绘版，美国优秀儿童科普读物奖，全套十四辑共83册）,¥88.20,北京联合出版公司,温迪・普费弗 等著，杨晶 等译,1.0
 自然科学启蒙第8辑（共6册）（彩绘版，美国优秀儿童科普读物奖，全套十四辑共83册）,¥88.20,北京联合出版公司,（美）弗兰克林 . 布兰利 博士 等编绘 ，范晓星 等译,1.0
 欢乐农家系列农业科普读物（全八册）,¥147.80,中国农业出版社,刘国民 编,0.0
 自然科学启蒙第11辑（共6册）（彩绘版，美国优秀儿童科普读物奖，全套十四辑共83册）,¥88.20,北京联合出版公司,（美）弗兰克林 . 布兰利 博士 等编绘,1.0
 自然科学启蒙第9辑（共6册）（彩绘版，美国优秀儿童科普读物奖，全套十四辑共83册）,¥88.20,NAN,（美）凯瑟琳.佐伊费尔德等著 ，王启荣 等 译,1.0
 自然科学启蒙第10辑（共6册）（彩绘版，美国优秀儿童科普读物奖，全套十四辑共83册）,¥88.20,NAN,（美）安妮 罗克韦尔 等著，范晓星 等译,1.0
 自然科学启蒙第13辑（共6册）（彩绘版，美国优秀儿童科普读物奖，全套十四辑共83册）,¥88.20,NAN,[美]莫尔文・博尔格等 著，王玲月等 译,1.0
 神奇校车・手工益智版（全15册）,¥222.80,贵州人民出版社,（美）乔安娜・柯尔 文；（美）布鲁斯・迪根 图 ； 漆仰平 许若青 静博 刘畅 译,1.0
 万物丛书 探索奇妙科技 环球科学青少版 世界科普读物How It Works中文版,¥69.00,机械工业出版社,万物编辑部,0.0
 有趣得让人睡不着科普系列（中小学生经典读物全8册，数学、物理、地理、科学、天文、生物、进化论、植物）,¥151.10,北京时代华文书局,[日] 左卷健男，[日] 竹内�`，[日] 樱井进 等,0.9
 很杂很杂的杂学知识：拿得起放不下的学问书（让百度疯狂，谷歌抽搐的杂学百科！一书在手，让你成为异性眼中的“博学红人”，社,¥28.40,中国画报出版社,张立辉 编著 知书达礼 出品,0.9
 1分钟物理：“中科院物理所”趣味科普专栏【第一辑】,¥46.50,北京联合出版有限公司,中科院物理所 编，未读 出品,1.0
 从一到无穷大（清华大学新生礼物，校长邱勇推荐！从一粒原子到无穷宇宙，一本书汇集人类认识世界、探索宇宙的方方面面）,¥51.00,天津人民出版社,乔治・伽莫夫，译者：阳曦，果麦文化 出品,1.0
 怪奇事物所（大张伟直播推荐）,¥55.10,国际文化出版公司,"怪奇事物所 著,博集天卷 出品",0.9
 一分钟物理科普读物最畅销科普书籍初中生必读课外书小学生课外阅读经典漫画学物理物理科普读物最畅销趣味科普书数理化科学世界,¥27.40,北京联合出版有限公司,中科院物理所 编，未读 出品,1.0
 水文知识科普读物,¥30.00,水利水电出版社,江西省水文局,0.0
 AR儿童科普读物立体书 动起来吧飞行奥秘 宇宙旅行 太空探索 战机起飞（套装共4册）,¥218.00,人民邮电出版社,十一点零五,0.9
 生态环境科普读物：环保设施的探秘之旅,¥23.70,中国环境出版社,汪永晨 著,0.0
 你也可以很“金融”--金融科普读物,¥25.20,中国金融出版社,台州市金融学会， 台州市社会科学界联合会 编著,0.0
 时间简史 霍金 科普读物最畅销儿童科普百科全书儿童读物6 12岁彩色插图版图说时间简史宇宙奥秘自然科普百科全书青少年初,¥9.90,中国华侨出版社,楚丽萍,1.0
 神奇校车・阅读版（全16册）-儿童文学,¥126.70,贵州人民出版社,乔安娜柯尔、布鲁斯迪根 著，漆仰平，汪晓英，静博 译,0.9
 全新正版霍金科普读物书籍插图版 时间简史 史蒂芬霍金原版自科然学启蒙 天文学畅销书宇宙百科人类未来图解时间简史正版霍金,¥9.90,湖南科学技术出版社,(美)史蒂芬・霍金,0.0
 28册 儿童科普读物最畅销十万个为什么小学版幼儿童绘本3 6岁经典绘本一二年级课外阅读必读注音版绘本故事书7 10岁一,¥85.00,长江出版社/吉林出版集团,孙静,0.0
 给孩子的未来科学课（中英双语 全8册）,¥373.50,吉林出版集团股份有限公司,(美) 乔希・格雷戈里等著 常青藤爸爸编译,0.9
 黄帝内经养生智慧解密・一本实践详于理论的权威养生科普读物，附赠作者原声讲解FM,¥64.60,中国中医药出版社,邓沂 编著；呼兴华，李广远，郑访江 协编,1.0
 这才是好读的数学史（美国数学协会指定美国中学数学史教材）,¥34.00,北京时代华文书局,(美) 比尔・伯林霍夫 (美)费尔南多・辜维亚 著,0.9
 DK目击者经典科普阅读百科（全20册）,¥447.00,电子工业出版社,史蒂夫・帕克、理查德・普拉特、大卫・伯尔尼、米兰达・马奎提等,1.0
 合众科学译丛精选套装：费马大定理+不可能的物理+纠缠态+灵魂存在吗？（套装共4册）中学教辅文教 获奖科普读物,¥120.00,上海科学技术文献出版社,阿米尔・艾克塞尔，加来道雄，玛丽・罗奇,1.0
 科学大王：魅力科学（散文式科普读物！“硬核”科普知识与范本式的流畅文字完美融合！）,¥49.80,天地出版社,小书虫读经典工作室,0.0
 幼儿科普读物最畅销绘本全套30册儿童绘本3 6岁 经典绘本 排行榜书籍4 5岁儿童读物绘本 拼音绘本睡前故事书3 6岁,¥46.00,长江出版社,长江出版社,0.0
 小小自然迷一辑全6册 蝴蝶蜘蛛蜻蜓蚂蚁七星瓢虫蜜蜂 儿童自然启蒙认知科普百科绘本故事 双语阅读培养练习 少儿科普读物书,¥51.00,长江少年儿童出版社,凯・马奎尔,0.0
 少儿科普读物彩图版 达尔文博士的科学之旅全12册 科学探究大百科 儿童科普百科全书 交通/文化/武器/科学中的为什么,¥107.10,海豚出版社,海豚出版社,0.0
 儿童十万个为什么 动物军事科学人体等八册 儿童科普读物礼品装送袋子 内容全面彩色印刷 大字大图适合小学生课外,¥38.00,上海科学普及出版社,上海科学普及出版社,0.0
 精装科普读物儿童地理百科全书 6-9-12岁青少年百科全书地理知识常识百科全书 三四五六年级小学生课外书 写给儿童的地,¥47.00,中国地图出版社,中国地图出版社,0.0
 全新2册科普读物书籍插图版 时间简史+物种起源 史蒂芬霍金原版自科然学启蒙 宇宙百科宇宙知识人文地理自然科学生物学百科,¥31.90,中国华侨出版社,霍金,0.0
 珠穆朗玛：攀登者心中的梦想之峰,¥99.00,江苏凤凰少年儿童出版社,[英]桑格玛・弗朗西斯 著，Lisk Feng 绘，邓逗逗 译，爱心树童书 出品,1.0
 中国科普名家名作・数学故事专辑(典藏版）5册/套,¥66.50,中国少年儿童出版社,李毓佩 著,1.0
 几何世界的邀请,¥38.60,人民邮电出版社,[日]小平邦彦,1.0
 全新正版霍金科普读物书籍插图版 时间简史 史蒂芬霍金原版自科然学启蒙 天文学畅销书宇宙百科人类未来图解时间简史正版霍金,¥20.00,中国华侨出版社,中国华侨出版社,0.0
 彼得小铁路・科普故事书（全5册）,¥118.80,贵州人民出版社,【英】克里斯多弗・瓦恩 著，约翰・沃德尔 绘， 宁宇 译,1.0
 一起去看看我的大中国4-12周岁儿童漫画书 中国地图科普书 中华上下五千年地理读物,¥100.00,黑龙江美术出版社,猫猫咪呀,0.0
 薛定谔的猫：改变物理学的50个实验,¥43.80,北京联合出版有限公司,(英) 亚当・哈特-戴维斯，未读 出品,0.9
 人类简史（绘本版）：给孩子的世界历史超图解,¥96.00,中信出版社,[法]贝特朗・菲舒 著，迪迪埃・巴利赛维克 绘,0.9
 迷人的材料科普读物最畅销科普书籍彩图升级版文津图书奖科普类推荐图书金属纸张混凝土巧克力改变世界的神奇物质材料学大师力作,¥33.90,天津科学技术出版社,天津科学技术出版社,0.0
 百科全书青少年版全套 （全4册）彩色图文科普读物6-7-8-9-10-12岁中国少年儿童百科知识动物植物科,¥53.00,中国文联出版社,其他作者,1.0
 全2册科普读物 图说时间简史+物种起源 史蒂芬霍金原版自科然学启蒙 宇宙百科宇宙知识人文地理,¥22.60,中国华侨出版社,中国华侨出版社,0.0
 全20册奇妙的科学 科普读物最畅销十万个为什么幼儿版科普类书籍儿童百科普读物绘本36岁经典绘本排行榜绘本故事书7 10,¥58.80,长江出版社,孙静,1.0
 物种起源（绘本版）・画给孩子的进化论（6~9岁）（达尔文从来没说过人是猴子变的，让孩子6岁就能读懂《物种起源》！席卷3,¥93.10,河南文艺出版社,[英国]查尔斯・达尔文（Charles Darwin ） [保加利亚]萨比娜・拉德瓦 （Sabina Radeva）,0.9
 细菌小不点儿人体历险记,¥72.00,花山文艺出版社,西比勒・莫特尔・林克(Sibylle Mottl-Link) 浪花朵朵,0.9
 全新正版霍金科普读物书籍插图版 时间简史 史蒂芬霍金原版自科然学启蒙 天文学畅销书宇宙百科人类未来图解时间简史正版霍金,¥19.90,湖南科学技术出版社,(美)史蒂芬・霍金,0.0
 你学的数学可能是假的科普读物最畅销科普书籍好玩的数学数学启蒙初中生必读课外书高中生必读书目成人儿童读物6-12岁简单有,¥29.00,天津人民出版社,(德) 霍格尔・丹贝克 著，罗松洁 译，未读 出品,0.0
 小牛顿科学馆：全新升级版 （科学蓝，30册礼品装）,¥600.00,接力出版社,台湾牛顿出版股份有限公司,0.9
 牛津通识课：黑洞、光、行星、引力(套装全4册)（三小时打造专业级知识框架，牛津大学出版社镇社之宝）,¥105.80,海南出版社,[英]凯瑟琳.玛丽.布伦德尔 著；读客文化 出品,1.0
 时间简史 霍金科普读物书籍插图版 时间简史史蒂芬霍金科学天文学宇宙百科人类时间简史正版霍金全解书籍,¥21.50,中国华侨出版社,霍金,1.0
 【独家首发】How to：如何不切实际地解决实际问题（精装）（What if?作者新书首印签名限量版),¥59.84,天津科学技术出版社,[美]兰道尔・门罗 著，Ent 译，未读 出品，,1.0
 一分钟物理漫画学物理科普读物最畅销小学生课外阅读经典初中生必读课外书1分钟物理学趣味科普书数理化科学世界高中物理课外科,¥27.40,北京联合出版有限公司,中科院物理所 编，未读 出品,0.0
 what if ？科普读物最畅销科普书籍初中生必读课外书中学生课外必读书籍高中生必读书目 那些古怪又让人忧心的问题兰道,¥33.90,北京联合出版公司,兰道尔・门罗，未读 出品,0.0
 物种起源少儿彩绘版达尔文科普绘本科普读物最畅销书排行榜青少年儿童读物6-12岁儿童百科全书三四年级课外阅读必读书五六年,¥9.80,中国华侨出版社,达尔文,1.0
 从小爱数学（全20册）,¥152.00,湖南少年儿童出版社,赵艺贞 等,0.9
 迷人的液体科普读物最畅销科普书籍马克米奥多尼克彩图版胶水咖啡葡萄酒33种神奇又危险的流动物质和它们背后的科学故事获奖科,¥33.90,天津科学技术出版社,天津科学技术出版社,0.0
 世界运转的秘密（平装全四册，金牌阅读推广人林丹推荐）,¥95.10,湖南美术出版社,金香今，李景硕 著 洪成智，金贤英 绘 张荣梅 策划 小当当童书馆 出品,1.0
 恐龙王国大百科全书10册恐龙书注音版动物世界一年级小学生少儿读物儿童故事绘本幼儿科普 类十万个为什么探秘恐龙书籍3-6,¥35.80,天津人民美术出版社,李毅峰,0.0
 半小时漫画科学史（随机专享签章版）（漫画式科普开创者二混子新作！从地心说到相对论，半小时读懂人类如何从蒙昧走向理性。）,¥41.20,文汇出版社,陈磊・半小时漫画团队 著；读客文化 出品,1.0
 千万不要玩穿越系列（48册）,¥620.90,北方妇女儿童出版社,【英】杰奎琳・莫利 等◎文【英】戴维・艾特拉姆◎图,1.0
 你好！大自然（中国原创生态科普绘本，共四册，当当独家定制）,¥95.20,江苏凤凰科学技术出版社,英娃 著；朱世芳 绘,1.0
 相对论究竟是什么 得到App超过11万人都在学 万维钢通才丛书,¥49.00,新星出版社,万维钢 得到出品,1.0
 人间食话：师说二十四节气与饮食营养（民俗手绘插图中学生版）著名民俗画家邢振龄先生创作节气插图，全国首本将国家食育课题与,¥42.80,中国中医药出版社,"王长��,张琳",1.0
 科学大王：文明起源（散文式科普读物！“硬核”科普知识与范本式的流畅文字完美融合！）,¥49.80,天地出版社,小书虫读经典工作室,0.0
 上下五千年（最新版）,¥66.00,少年儿童出版社,林汉达 等著,0.9
 科学全知道（共24册）,¥224.30,北京联合出版有限公司,（美）米歇尔・努森 等 文，（美）巴里・戈特 等 图， 爱心树童书 出品,0.9
 乐乐趣揭秘翻翻书1+2合集（全8册）,¥376.80,未来出版社,未来出版社,0.9
 远行：生命不可思议的旅程（2018“中国童书榜”百佳童书奖！英国Quarto集团年度重磅，版权售出近10国）,¥78.30,民主与建设出版社,"【英】劳拉・诺里斯 著,【英】克里斯・马登 绘,叶显林 译，张荣梅 策划，小当当童书馆 出品",1.0
 【限时促销】中国少年儿童百科全书10册 3-6岁中国青少年版科普读物 6-12岁小学生版十万个为什么百科全书青少年版儿,¥57.80,北方妇儿,赵岩,0.9
 探索科学的孩子科普读物最畅销儿童漫画书7-10岁儿童百科全书儿童读物6-12岁我的第一本科学漫画书7-10岁十万个为什,¥43.80,浙江少年儿童出版社,浙江少年儿童出版社,0.0
 穿越时空看文明―全景手绘中国史（精装全4册）,¥204.00,石油工业出版社,米莱童书 著绘,1.0
 有趣得让人睡不着的天文（科普作家县秀彦带你进入魅力无穷的天文学世界！）,¥19.90,北京时代华文书局,(日) 县秀彦 著 ; 刘子璨 译,1.0
 科学大王：多彩生活（散文式科普读物！“硬核”科普知识与范本式的流畅文字完美融合！）,¥49.80,天地出版社,小书虫读经典工作室,0.0
 《我喜欢读历史》系列（书的历史+火的历史+时间的历史，歪歪兔写给孩子的身边事物简史）,¥145.50,海豚出版社,歪歪兔童书馆,1.0
 大自然会说话（全3册）,¥89.60,敦煌文艺出版社,艾莉森・福尔门托 著，尚童童书出品,0.9
 我们，我们的历史（给孩子的人类简史绘本，超值升级版）,¥96.00,光明日报出版社,伊万・波莫,1.0
 黑洞简史：对黑洞的理解左右着人类对宇宙未来的预测（ 从史瓦西奇点到引力波 霍金痴迷、爱因斯坦拒绝、牛顿错过的伟大发现）,¥39.00,湖南科技出版社,[美] 玛西亚 芭楚莎（Marcia Bartusiak)；中资海派 出品,1.0
 上下五千年&世界五千年（最新版经典套装，共4册）,¥158.40,少年儿童出版社,林汉达 等著,1.0
 欧布奥特曼儿童逆商培养趣味科普故事书：黑暗之刃,¥13.00,南京大学出版社,上海新创华文化发展有限公司,1.0
 乐乐趣揭秘翻翻书系列-揭秘人体,¥61.90,未来出版社,[英]克里斯・奥克雷德 [英]阿妮塔・盖恩瑞文 [英]艾伦・比查 图 巩小图 译，乐乐趣出版,1.0
 这才是好看的数学,¥42.20,北京时代华文书局,吴作乐、吴秉翰 著,0.0
 探索科学的孩子科学启蒙科普读物最畅销我的第一本科学漫画书7-10岁百科全书儿童读物6-12岁身边的科学给小学生的科学课,¥43.90,浙江少年儿童出版社,浙江少年儿童出版社,0.0
 DK星空百科――宇宙和星座的秘密,¥164.60,北京科学技术出版社,英国DK出版社,1.0
 极简宇宙史（霍金亲传弟子写给看不懂《时间简史》的你，荣获“大众喜欢的50种图书”）,¥49.50,上海三联书店,克里斯托弗・加尔法德 文，新经典 出品,0.9
 给仰望者的天文朝圣之旅,¥48.40,北京联合出版有限公司,[美]切特・雷莫 著，高爽 译，[美]迈克尔・麦柯迪 绘，未读 出品，,1.0
 给孩子的极简宇宙史（精装图文版）荣获法国“2018-2019年度初中生喜欢的科普图书奖”第一名！,¥147.00,江西教育出版社,(法) 米里埃尔 加尔戈等著,1.0
 千万不要玩穿越第二辑近现代史（32册）,¥414.00,北方妇女儿童出版社,伊恩・格雷厄姆 等◎文 戴维・艾特拉姆◎图,1.0
 中国历史长卷：手绘年表（全彩手绘6米长卷，一座博古通今的历史长廊）,¥298.50,天津人民出版社,江瑞芹 主编 步印长卷编写组 著 步印童书 出品,0.9
 DK宇宙大百科（精装版）（全彩）,¥200.00,电子工业出版社,Martin Rees(马丁・里斯),1.0
 一想到还有95%的问题留给人类，我就放心了(第十四届文津图书奖）,¥34.00,北京联合出版公司,[巴拿马]豪尔赫・陈 [美]丹尼尔・怀特森，未读 出品,0.9
 低幼科普立体书・太空,¥51.00,吉林美术出版社,[英] 戴维・霍科克/编绘 朱雯霏/译,0.0
 去旅行系列（中国版）2018年度最值得期待的原创作品,¥81.00,广西科学技术出版社,《去旅行》（中国版）编委会著 虫孚虫�� 爆裂鹌鹑蛋 绘,0.9
 乐乐趣揭秘翻翻书系列-揭秘地球,¥61.90,未来出版社,[英] 克里斯・奥克雷得 [英]阿妮塔・盖恩瑞 文，[美]斯蒂芬妮・科尔曼 图，翁建武 译，乐乐趣出版,1.0
 心喜阅科普馆：一座岛的600万年（精）,¥44.10,长江少年儿童出版社,陈振盼 著/绘；心喜阅童书 出品,1.0
 学霸笔记：美国少年学霸超级笔记（全3册，含“英语、数学、科学”）,¥294.00,接力出版社,美国沃克曼出版公司,1.0
 趣味天文学,¥24.60,中国妇女出版社,雅科夫伊西达洛维奇别莱利曼,1.0
 书的历史（写给孩子的身边事物简史丛书之一，歪歪兔童书馆出品）,¥36.00,海豚出版社,歪歪兔童书馆,0.9
 历史真好玩（套装4册）,¥120.00,化学工业出版社,（英）詹姆斯・戴维斯/文图 李科/译 贾平平/译审,1.0
 漫步侏罗纪（恐龙大世界丛书）100多种恐龙，千余幅彩图，8万多字的阐述说明，少儿科普动物故事百科3-6-8岁儿童读物小,¥23.80,山东教育出版社,闫小飒,0.9
 星座之美,¥49.00,南海出版公司,自然编辑部,1.0
 2册中国地理百科丛书世界地理百科全书 少儿科普读物 小学生语文新课标必读丛书 青少年版国家地理儿童百科 写给儿童的讲给,¥32.00,北京联合出版公司,北京联合出版公司,1.0
 几何真好玩,¥49.00,南海出版公司,〔意〕安娜・伽拉佐利 文，（意）阿德里亚诺・贡 图 ， 爱心树童书 出品,1.0
 冰雪奇缘系列迪士尼幼儿科学大揭秘故事书科普百科学习（全4册）,¥38.40,NAN,巨童文化,1.0
 6本孩子必读的科普读物 儿童科学启蒙3-6-9岁科普书科普绘本儿童绘本畅销读物科普馆幼儿百科全书早教益智十万个为什么,¥24.70,江苏凤凰科学技术出版社,方晨,0.0
 科普绘本科普读物最畅销精装图解舌尖上的中国美食书历史上的100种历史书籍排行榜前十名百科全书儿童3-6岁漫画书7-10,¥18.80,北方妇女儿童出版社,北方妇女儿童出版社,0.0
 童眼识天下――认国旗,¥20.50,化学工业出版社,童心 编,1.0
 宇宙 （雨果奖、普利策奖、艾美奖得主卡尔萨根经典作品）,¥53.70,广西科学技术出版社,卡尔・萨根,0.9
 小彗星旅行记(北京天文馆推荐),¥33.60,人民邮电出版社,徐刚 著 绘,1.0
 亲爱的古代朋友（超值礼品盒装：精装5册+爸爸妈妈知道吗？）,¥157.50,新蕾出版社,赵立健,0.9
 新编十万个为什么（套装共8册）适用6-12周岁 彩图注音版 儿童科普少儿百科全书 课外读物,¥76.60,世界图书出版公司,思展教育,1.0
 欧布奥特曼儿童逆商培养趣味科普故事书：复仇的导火索,¥13.00,南京大学出版社,上海新创华文化发展有限公司,1.0
 果壳中的宇宙,¥42.00,湖南科技出版社,史蒂芬・霍金,1.0
 彩图版李毓佩数学故事系列（全7册）,¥93.20,湖北少儿出版社,李毓佩 著,1.0
 太空猫：星际穿越,¥51.00,长江少年儿童出版社,作者 多米尼克・瓦里曼，绘者 本・纽曼,1.0
 漫步到宇宙尽头,¥37.90,湖南科技出版社,李然,0.9
 给孩子讲宇宙,¥30.80,湖南科技出版社,李淼 王爽,1.0
 星座・宇宙之美（全2册）,¥98.00,NAN,（日）渡部润一 监修，郑敏 译,1.0
 科普绘本科普读物最畅销图解中国儿童漫画书中国历史上的100种身份与职业历史书籍排行榜前十名幼儿认知小百科全书儿童3-6,¥18.80,北方妇女儿童出版社,北方妇女儿童出版社,0.0
 十万个为什么：幼儿版（套装全四册）,¥38.10,北京日报出版社（原同心出版社）,智慧帽儿童潜能开发中心 著,1.0
 儿童科普读物 万物探索地球的奥秘百科全书中小学生课外阅读书籍三四五六年级必读青少年科学探索故事书,¥19.20,山东美术出版社,焦庆峰,0.0
 我们的身体人体百科全书儿童读物6-12-15岁科普读物最畅销书青少版身体百科全书中小学生课外阅读经典书籍认知科普书生命,¥39.70,延边大学出版社,李继勇,1.0
 太阳系度假指南,¥51.00,北京联合出版有限公司,（美）奥莉维亚・科斯基（美）加纳・格鲁赛维克 著，秦鹏 译，未读 出品,0.9
 希利尔讲世界史,¥71.10,贵州教育出版社,[美]希利尔/著 陈继华 刘娟/译,1.0
 霍金科普读物书籍插图版 时间简史 史蒂芬霍金原版自科然学启蒙 天文学畅销书宇宙百科人类未来图解时间简史正版霍金书籍,¥15.90,东南大学出版社,东南大学出版社,0.0
 刘兴诗爷爷讲述中国地理(套装）,¥98.00,长江少年儿童出版社,刘兴诗 著,0.9
 宇宙的起源：一本人人读得懂的宇宙学科普读物，为你揭晓宇宙起源之谜！,¥52.40,天津科学技术出版社,(英)约翰・巴罗 著 黄静 译 湛庐文化 出品,0.0
 大卫・麦考利“画给孩子的历史奇迹”系列（9册套装）（凯迪克奖获奖作品+经典建筑主题绘本+建筑工程奇迹揭秘+地理历史人文,¥344.30,江苏凤凰少年儿童出版社,[美]大卫・麦考利/著,0.9
 童眼识天下――认标志,¥20.50,化学工业出版社,童心 编,1.0
 低幼科普立体书・恐龙,¥51.00,吉林美术出版社,[英] 戴维・霍科克/编绘 朱雯霏/译,1.0
 大图景（论生命的起源、意义和宇宙本身 ，跻身Brain Picking的“2016年最优秀科学读物”）,¥78.30,湖南科技出版社,[美]肖恩・卡罗尔,1.0
 AR知识通3DAR小百科（6册 ）野生动物蔬果植物宠物彩色注音版全图解 6-12岁儿童地球小百科科普绘本读物故事小学生,¥160.90,江西美术出版社,金版童书,0.0
 田野里的自然历史课（共5册）袁隆平院士题字作序推荐，尹建莉、中国农业博物馆馆长刘北桦联合推荐。500多个科普知识点，8,¥137.30,中国农业出版社有限公司,中国农业出版社 米莱童书,1.0
 图解时间简史(人人都可以读懂的霍金),¥25.00,北京联合出版公司,(英)霍金,0.9
 霍金三部曲经典著作套装：时间简史+果壳中的宇宙+大设计（套装共3册）,¥115.40,湖南科技出版社,[英] 史蒂芬・霍金 著；许明贤 吴志超 译,0.9
 星空词典,¥87.00,北京联合出版有限公司,(法) 郑春顺,1.0
 今天真好玩（精装全6册）（《海错图笔记》作者、“博物君”张辰亮首套“科普+故事”图画书）,¥229.30,北京科学技术出版社,"张辰亮（@博物君） 著,马小得、北桥泽、何塞特、星星鱼、无理连绘",1.0
 拉鲁斯儿童立体百科全书-自然灾害,¥93.90,未来出版社,[法]卡米勒・法德尔等/编，[法]斯特凡娜・安贝儿-巴塞等/绘，乐乐趣出品,1.0
 七堂极简物理课：意大利疯卖，打败情说《五十度灰》的优美科普,¥30.80,湖南科技出版社,[意] 卡洛・罗韦利 著，博集天卷 出品,0.9
 乐乐趣揭秘翻翻书1+2+3合集（全12册）,¥699.80,陕西人民教育出版社,陕西人民教育出版社,1.0
 无言的宇宙[精装珍藏版]：隐藏在24个数学公式背后的故事,¥77.40,北京联合出版有限公司,（美）达纳・麦肯齐，未读 出品,0.9
 拉鲁斯儿童立体百科全书-恐龙王国,¥93.90,未来出版社,[法]卡米勒・法德尔等/编，[法]斯特凡娜・安贝儿-巴塞等/绘，乐乐趣出品,1.0
 半小时漫画中国史1-4+世界史（共5册）（独家签章版）（看半小时漫画，通五千年历史！漫画式科普开创者二混子新作！）,¥187.90,海南出版社,陈磊,0.9
 半小时漫画经济学：生活常识篇+金融危机篇（套装共2册）（用特别有趣的方式，讲清楚特别艰深的经济学原理。漫画科普开创者二,¥96.70,海南出版社,陈磊・半小时漫画团队,0.9
 《环球科学》青少版万物丛书 世界知名科普读物How It Works中文版 全球千万读者的共同选择 套装共6册,¥310.50,机械工业出版社,万物编辑部,0.0
 NASA自然百科：认识宇宙(精) 李永乐、一条 推荐,¥123.00,江苏科学技术出版社,"(美) 金伯利?K.阿坎德, (美) 梅甘?瓦茨克",1.0
 图解世界：宇宙+科学+食物的100件事儿（套装3册）,¥130.50,中信出版社,[英]亚历克斯・弗里斯 等,1.0
 万物探索/天文气象百科全书大百科儿童科普读物中小学生课外阅读书籍三四五六年级必读青少年科学探索书少幼儿十万个为什么故事,¥21.80,山东美术出版社,焦庆峰,0.0
 物种起源:少儿彩绘版(少儿万有经典文库 ),¥68.00,接力出版社,苗德岁 编著,1.0
